{"cameraMode":{"drawMode":0,"name":"Shaded","section":"Shading Mode"},"sceneLighting":false,"audioPlay":false,"sceneViewState":{"m_AlwaysRefresh":false,"showFog":true,"showSkybox":false,"showFlares":true,"showImageEffects":true,"showParticleSystems":true,"showVisualEffectGraphs":true,"m_FxEnabled":true},"in2DMode":false,"pivot":{"x":1129.44482421875,"y":-36.48307800292969,"z":-1487.0091552734375},"rotation":{"x":0.003389169694855809,"y":-0.037493444979190829,"z":0.00012639252236112952,"w":0.9992872476577759},"size":5959.1474609375,"orthographic":false}