{"cameraMode":{"drawMode":0,"name":"Shaded","section":"Shading Mode"},"sceneLighting":false,"audioPlay":false,"sceneViewState":{"m_AlwaysRefresh":false,"showFog":true,"showSkybox":false,"showFlares":true,"showImageEffects":true,"showParticleSystems":true,"showVisualEffectGraphs":true,"m_FxEnabled":true},"in2DMode":false,"pivot":{"x":921.5779418945313,"y":356.0920715332031,"z":380.2207336425781},"rotation":{"x":-0.0011453831102699042,"y":0.9986159801483154,"z":0.024538597092032434,"w":0.04604411870241165},"size":72.93769836425781,"orthographic":false}