{"cameraMode":{"drawMode":0,"name":"Shaded","section":"Shading Mode"},"sceneLighting":false,"audioPlay":false,"sceneViewState":{"m_AlwaysRefresh":false,"showFog":true,"showSkybox":false,"showFlares":true,"showImageEffects":true,"showParticleSystems":true,"showVisualEffectGraphs":true,"m_FxEnabled":true},"in2DMode":false,"pivot":{"x":914.6450805664063,"y":467.2556457519531,"z":9.8311767578125},"rotation":{"x":0.012389210984110833,"y":-0.018000181764364244,"z":0.00022231070033740252,"w":0.9997578859329224},"size":392.9944763183594,"orthographic":false}